{"cameraMode":{"drawMode":0,"name":"Shaded","section":"Shading Mode"},"sceneLighting":false,"audioPlay":false,"sceneViewState":{"m_AlwaysRefresh":false,"showFog":true,"showSkybox":false,"showFlares":true,"showImageEffects":true,"showParticleSystems":true,"showVisualEffectGraphs":true,"m_FxEnabled":true},"in2DMode":false,"pivot":{"x":-0.10435199737548828,"y":4.5448408126831059,"z":-1.2312583923339844},"rotation":{"x":0.3288061320781708,"y":-0.3792080581188202,"z":0.14625230431556703,"w":0.8525094985961914},"size":11.917131423950196,"orthographic":false}