{"cameraMode":{"drawMode":0,"name":"Shaded","section":"Shading Mode"},"sceneLighting":false,"audioPlay":false,"sceneViewState":{"m_AlwaysRefresh":false,"showFog":true,"showSkybox":false,"showFlares":true,"showImageEffects":true,"showParticleSystems":true,"showVisualEffectGraphs":true,"m_FxEnabled":true},"in2DMode":false,"pivot":{"x":0.1740550994873047,"y":1.652796983718872,"z":2.384185791015625e-7},"rotation":{"x":0.09204250574111939,"y":-0.4087154269218445,"z":0.04143966734409332,"w":0.9071031808853149},"size":4.0474019050598148,"orthographic":false}